{"cameraMode":{"drawMode":0,"name":"Shaded","section":"Shading Mode"},"sceneLighting":true,"audioPlay":false,"sceneViewState":{"showFog":true,"showMaterialUpdate":false,"showSkybox":true,"showFlares":true,"showImageEffects":true,"showParticleSystems":true,"showVisualEffectGraphs":true,"m_FxEnabled":true},"in2DMode":false,"pivot":{"x":29.04861068725586,"y":12.923256874084473,"z":71.1569595336914},"rotation":{"x":-0.013791926205158234,"y":-0.050377197563648227,"z":0.0006954097771085799,"w":-0.9986556172370911},"size":79.9454116821289,"orthographic":false}