{"cameraMode":{"drawMode":0,"name":"Shaded","section":"Shading Mode"},"sceneLighting":true,"audioPlay":false,"sceneViewState":{"showFog":true,"showMaterialUpdate":false,"showSkybox":true,"showFlares":true,"showImageEffects":true,"showParticleSystems":true},"in2DMode":false,"pivot":{"x":11.25418758392334,"y":15.261521339416504,"z":-60.05683135986328},"rotation":{"x":-0.2726844251155853,"y":0.37031713128089907,"z":-0.11467932909727097,"w":-0.8805490136146545},"size":-0.4363163113594055,"orthographic":false}