{"count":1,"self":1225.3475839999999,"total":11801.474584599999,"children":{"AgentSendState":{"count":1508367,"self":125.963456,"total":4156.268559,"children":{"CollectObservations":{"count":18100404,"self":13.4084144,"total":13.4084141,"children":null},"CollectDiscreteActionMasks":{"count":18100404,"self":13.193299999999999,"total":13.1932999,"children":null},"AgentInfo.ToProto":{"count":18100404,"self":58.715424,"total":4003.7033853999997,"children":{"GenerateSensorData":{"count":18100404,"self":3487.7251584,"total":3944.9879606,"children":{"RayPerceptionSensor.Perceive":{"count":18100404,"self":457.2626944,"total":457.26267229999996,"children":null}}}}}}},"DecideAction":{"count":1508367,"self":6398.7335168,"total":6398.7335829999993,"children":null},"AgentAct":{"count":1508367,"self":13.103364,"total":13.1033637,"children":null},"AgentInfo.ToProto":{"count":30701,"self":0.1304499,"total":8.0209804,"children":{"GenerateSensorData":{"count":30701,"self":6.9575271999999995,"total":7.8905305,"children":{"RayPerceptionSensor.Perceive":{"count":30701,"self":0.93300319999999992,"total":0.93300319999999992,"children":null}}}}}},"gauges":{"Player.CumulativeReward":{"count":30701,"max":12,"min":-2,"runningAverage":0.155468017,"value":0,"weightedAverage":-0.252762765}},"metadata":{"timer_format_version":"0.1.0","start_time_seconds":"1599759054","unity_version":"2020.1.0f1","command_line_arguments":"C:\\Program Files\\Unity\\Hub\\Editor\\2020.1.0f1\\Editor\\Unity.exe -projectpath C:\/Users\/Logan\/Documents\/GitHub\/BoxSlider\/BoxSlider\/BoxSlider -useHub -hubIPC -cloudEnvironment production -hubSessionId a1375a90-f389-11ea-917e-71ce522d9d54 -accessToken HfMRYUgX-uFRAUAUzYLweq8JIng3g8QrY7GeV4RSBMs003f","communication_protocol_version":"1.0.0","com.unity.ml-agents_version":"1.0.4","scene_name":"MLTraining","end_time_seconds":"1599770856"}}